{
  "routes": [
    {
      "name": "my route 1",
      "origin": [
        30.034482412453016,
        31.205173233761737
      ],
      "destination": [
        30.033925118020747,
        31.212490299954364
      ],
      "id": 1
    }
  ]
}